,Europe Amount,NorthAmerica Amount,Pacific Amount
36,191884.56643871992,256345.07276587433,95851.36677561837
37,191884.56643871992,256345.07276587433,118027.61702582258
38,191884.56643871992,256345.07276587433,95851.36677561837
39,191884.56643871992,256345.07276587433,118027.61702582258
40,191884.56643871992,256345.07276587433,95851.36677561837
41,191884.56643871992,256345.07276587433,118027.61702582258
